epoch,steps,cosine_pearson,cosine_spearman
1.0,578,0.8258219381686062,0.8157423677845502
2.0,1156,0.8308508438604901,0.8167431492957483
